gene_symbol	exposure_id	exposure_trait	rsid	bx	sebx	by	seby	effect_allele_exposure	other_allele_exposure	effect_allele_outcome_aligned	other_allele_outcome_aligned	eaf_exposure	eaf_outcome	f_stat	pval_exposure	pval_outcome
CRP	ebi-a-GCST90029070	C-reactive protein levels	rs10789188	-0.0831	0.0021	8.30899e-4	3.63636e-4	G	A	G	A	NA	0.664198	1565.8979591836735	0	0.021
IL6	ebi-a-GCST90012005	Interleukin-6 levels	rs2228145	0.1747	0.0124	-1.06803e-4	3.46933e-4	C	A	C	A	0.3786	0.40157	198.49174037460978	3.3358e-45	0.74
IL6	ebi-a-GCST90012005	Interleukin-6 levels	rs4959106	0.0823	0.0138	-4.73045e-4	3.45508e-4	C	T	C	T	0.4615	0.420381	35.566530140726734	2.37197e-9	0.17
TNFR1	ebi-a-GCST90012015	Tumor necrosis factor receptor 1 levels	rs4149584	-0.3503	0.0384	-0.00175519	0.00132282	T	C	T	C	0.0192	0.016813	83.21810574001736	7.92866e-20	0.21
TNFR1	ebi-a-GCST90012015	Tumor necrosis factor receptor 1 levels	rs1130094	0.0638	0.0097	1.4654e-4	3.4173e-4	C	T	C	T	0.4889	0.503879	43.26113295780635	5.63378e-11	0.649999
TNFR1	ebi-a-GCST90012015	Tumor necrosis factor receptor 1 levels	rs113354603	0.15	0.0253	-3.70343e-4	7.17138e-4	A	G	A	G	0.0643	0.068462	35.15130684747457	3.211e-9	0.6
TNFR1	ebi-a-GCST90012015	Tumor necrosis factor receptor 1 levels	rs111693226	-0.2874	0.0519	-5.5187e-4	0.00120257	T	C	T	C	0.0216	0.020582	30.66470647198369	3.00898e-8	0.630001
CORTISOL	ieu-a-1012	Plasma cortisol	rs12589136	0.103402	0.014838	3.07335e-4	4.15872e-4	T	G	T	G	0.216641	0.212077	48.56318302818482	3.31971e-12	0.46
HRV_RMSSD	ebi-a-GCST004733	Heart rate variability traits (RMSSD)	rs12974991	-0.114862	0.010046	4.57514e-4	6.12432e-4	A	G	A	G	0.07853	0.084653	130.72733278798873	7.8001e-30	0.42
HRV_RMSSD	ebi-a-GCST004733	Heart rate variability traits (RMSSD)	rs10842383	0.06781	0.006926	-3.32634e-4	4.76015e-4	T	C	T	C	0.137141	0.150318	95.8567089621742	2.60976e-22	0.5
HRV_RMSSD	ebi-a-GCST004733	Heart rate variability traits (RMSSD)	rs7980799	0.040187	0.005208	-6.35321e-4	3.50204e-4	C	A	C	A	0.598785	0.588891	59.54279577118742	1.91999e-14	0.0669993
HRV_RMSSD	ebi-a-GCST004733	Heart rate variability traits (RMSSD)	rs180238	0.038987	0.005274	7.4365e-5	3.5727e-4	T	C	T	C	0.661492	0.651731	54.64612676233565	2.23975e-13	0.83
HRV_RMSSD	ebi-a-GCST004733	Heart rate variability traits (RMSSD)	rs2052015	-0.044027	0.007508	-8.58502e-4	4.73765e-4	T	C	T	C	0.162207	0.159076	34.38663346204467	5.96994e-9	0.0700003
HRV_RMSSD	ebi-a-GCST004733	Heart rate variability traits (RMSSD)	rs236349	-0.030802	0.00539	2.08067e-4	3.60686e-4	G	A	G	A	0.653244	0.660273	32.65730201947536	1.43001e-8	0.58
